Noise_Percentage,Mean_MAE
0.0,0.0
1.0,0.009494503649572533
2.0,0.023246387640635174
3.0,0.02163692998389403
