Noise_Percentage,MAE
0.0,0.0
0.0,0.0
1.0,0.0052997153252363205
1.0,0.013689291973908743
2.0,0.031129949415723484
2.0,0.015362825865546862
3.0,0.028850380331277847
3.0,0.014423479636510214
