Noise_Percentage,Mean_MAPE
0.0,0.0
1.0,0.015599776214625138
2.0,0.07036231481438911
3.0,0.06381602347300362
