Noise_Percentage,MAPE
0.0,0.0
0.0,0.0
1.0,0.005490466911711622
1.0,0.025709085517538654
2.0,0.10544673998389524
2.0,0.035277889644882966
3.0,0.09483113550318022
3.0,0.03280091144282702
