Noise_Percentage,Mean_MAE,Month
0.0,0.0,January
1.0,0.028654751678307853,January
2.0,0.040821283434828125,January
3.0,0.03353398696829875,January
0.0,0.0,February
1.0,0.01330041823287805,February
2.0,0.023133272926012676,February
3.0,0.029386329775055252,February
0.0,0.0,Average
1.0,0.020977584955592952,Average
2.0,0.0319772781804204,Average
3.0,0.031460158371677,Average
