Noise_Percentage,MAE,Month
0.0,0.0,January
0.0,0.0,January
1.0,0.027086472138762474,January
1.0,0.03022303121785323,January
2.0,0.045787484695514045,January
2.0,0.035855082174142204,January
3.0,0.0332694078485171,January
3.0,0.033798566088080406,January
0.0,0.0,February
0.0,0.0,February
1.0,0.01377751057346662,February
1.0,0.01282332589228948,February
2.0,0.02427961180607478,February
2.0,0.021986934045950573,February
3.0,0.02856474742293358,February
3.0,0.03020791212717692,February
