Noise_Percentage,MAPE,Month
0.0,0.0,January
0.0,0.0,January
1.0,0.08249320141871846,January
1.0,0.09408009753938501,January
2.0,0.08579986455846443,January
2.0,0.12551403539796802,January
3.0,0.05494015782145511,January
3.0,0.049025816933140176,January
0.0,0.0,February
0.0,0.0,February
1.0,0.032477704188054894,February
1.0,0.025213491891823325,February
2.0,0.05012796468097395,February
2.0,0.03995658270545726,February
3.0,0.049587209228940055,February
3.0,0.056414096606263335,February
