Noise_Percentage,Mean_MAPE,Month
0.0,0.0,January
1.0,0.08828664947905174,January
2.0,0.10565694997821623,January
3.0,0.051982987377297646,January
0.0,0.0,February
1.0,0.028845598039939108,February
2.0,0.045042273693215604,February
3.0,0.0530006529176017,February
0.0,0.0,Average
1.0,0.05856612375949542,Average
2.0,0.07534961183571592,Average
3.0,0.05249182014744967,Average
