Noise_Percentage,Mean_MAE
0.0,0.0
1.0,0.02664402655015389
2.0,0.024113699172933895
3.0,0.02941326300303141
