Noise_Percentage,MAE
0.0,0.0
0.0,0.0
1.0,0.02370983548462391
1.0,0.029578217615683872
2.0,0.02039851186176141
2.0,0.02782888648410638
3.0,0.025431287785371143
3.0,0.03339523822069168
