Noise_Percentage,MAPE
0.0,0.0
0.0,0.0
1.0,0.09169606130948037
1.0,0.09779775196634226
2.0,0.03695426526345058
2.0,0.10524208167846238
3.0,0.08292346833858572
3.0,0.05133291096765536
