Noise_Percentage,Mean_MAPE
0.0,0.0
1.0,0.09474690663791131
2.0,0.07109817347095648
3.0,0.06712818965312053
