Noise_Percentage,Mean_MAE,Month
0.0,0.0,March
1.0,0.00850748053441445,March
2.0,0.020313384321828682,March
3.0,0.03269095532596111,March
4.0,0.028245352829496063,March
