Noise_Percentage,MAE,Month
0.0,0.0,March
0.0,0.0,March
1.0,0.013966642320156097,March
1.0,0.0030483187486728034,March
2.0,0.017300016557176907,March
2.0,0.023326752086480457,March
3.0,0.035074020425478615,March
3.0,0.030307890226443607,March
4.0,0.02514913243552049,March
4.0,0.03134157322347164,March
