Noise_Percentage,MAPE,Month
0.0,0.0,March
0.0,0.0,March
1.0,0.029029612002432176,March
1.0,0.0031646964778433775,March
2.0,0.03203731628309462,March
2.0,0.05861144476376149,March
3.0,0.11031521499805895,March
3.0,0.04993569654511812,March
4.0,0.06345478077964754,March
4.0,0.06064077459200281,March
