Noise_Percentage,Mean_MAPE,Month
0.0,0.0,March
1.0,0.016097154240137777,March
2.0,0.045324380523428055,March
3.0,0.08012545577158853,March
4.0,0.06204777768582517,March
