Noise_Percentage,Mean_MAE
0.0,0.0
1.0,0.029222869521213904
2.0,0.04403155493653482
3.0,0.046829960929850735
4.0,0.034194098164637886
5.0,0.04526241299592786
