Noise_Percentage,MAE
0.0,0.0
0.0,0.0
0.0,0.0
1.0,0.024180748189489048
1.0,0.031257620081305504
1.0,0.032230240292847157
2.0,0.043549513133863606
2.0,0.04682959709316492
2.0,0.041715554582575955
3.0,0.05963269372781118
3.0,0.03715266566723585
3.0,0.04370452339450518
4.0,0.02853705082088709
4.0,0.040885587533315025
4.0,0.03315965613971154
5.0,0.049938948514560856
5.0,0.048701622212926544
5.0,0.03714666826029619
