Noise_Percentage,Mean_MAPE
0.0,0.0
1.0,0.04504464097646263
2.0,0.0811717177014641
3.0,0.14263958425759707
4.0,0.058158070738637234
5.0,0.09237282187886091
