Noise_Percentage,MAPE
0.0,0.0
0.0,0.0
0.0,0.0
1.0,0.032837782735587184
1.0,0.05141894858652742
1.0,0.050877191607273275
2.0,0.06291264447119561
2.0,0.09427219075613731
2.0,0.08633031787705936
3.0,0.2697017950698488
3.0,0.0637460171131726
3.0,0.09447094058976972
4.0,0.04155567930512399
4.0,0.06216122499311746
4.0,0.07075730791767025
5.0,0.11933156709971933
5.0,0.1014407233511065
5.0,0.056346175185756874
