Noise_Percentage,Mean_MAE
0.0,0.0
1.0,0.009862708445224496
2.0,0.017737114077640906
3.0,0.013921586486200491
4.0,0.030135564299093354
5.0,0.032750384882092476
