Noise_Percentage,Mean_MAE
0.0,0.0
1.0,0.01877334713935852
2.0,0.03238460794091225
3.0,0.03457192559209135
