Noise_Percentage,MAE
0.0,0.0
0.0,0.0
0.0,0.0
1.0,0.01846468262374401
1.0,0.011653447523713112
1.0,0.02620191127061844
2.0,0.026780365655819576
2.0,0.03214974825580915
2.0,0.03822370991110802
3.0,0.02245166525244713
3.0,0.04579411260783672
3.0,0.035469998915990196
