Noise_Percentage,MAE
0.0,0.0
0.0,0.0
0.0,0.0
1.0,0.010961089904109636
1.0,0.006786431185901165
1.0,0.01184060424566269
2.0,0.010784096705416838
2.0,0.0216471782575051
2.0,0.020780067270000774
3.0,0.015508081143101057
3.0,0.012988721330960592
3.0,0.013267956984539827
4.0,0.026651907091339428
4.0,0.02356943270812432
4.0,0.04018535309781631
5.0,0.045478404189149536
5.0,0.021331718812386196
5.0,0.03144103164474169
