Noise_Percentage,Mean_MAPE
0.0,0.0
1.0,0.05241183126955728
2.0,0.10923743547354581
3.0,0.09292800286037968
