Noise_Percentage,MAPE
0.0,0.0
0.0,0.0
0.0,0.0
1.0,0.01642611239203803
1.0,0.008442758141824195
1.0,0.02008602929886983
2.0,0.01774949232453004
2.0,0.029909987189754322
2.0,0.02727179612107435
3.0,0.022308229744633343
3.0,0.021311559468464678
3.0,0.017612515399699488
4.0,0.03275662205289481
4.0,0.03419888806213194
4.0,0.25765299558661287
5.0,0.26774017743900497
5.0,0.027417446741452797
5.0,0.04077497429181357
