Noise_Percentage,Mean_MAPE
0.0,0.0
1.0,0.014984966610910685
2.0,0.024977091878452904
3.0,0.020410768204265836
4.0,0.10820283523387987
5.0,0.11197753282409045
