Noise_Percentage,MAPE
0.0,0.0
0.0,0.0
0.0,0.0
1.0,0.029067809130720695
1.0,0.026679731647611993
1.0,0.10148795303033914
2.0,0.09444958407655663
2.0,0.10242922465703609
2.0,0.13083349768704475
3.0,0.05290132264008183
3.0,0.09149016414544126
3.0,0.13439252179561595
