Noise_Percentage,Mean_MAE
0.0,0.0
1.0,0.021821543367372617
2.0,0.031664023382796176
3.0,0.0370741467922926
4.0,0.03198852058913973
5.0,0.04034531261357996
