Noise_Percentage,MAE
0.0,0.0
0.0,0.0
0.0,0.0
1.0,0.011102464670936266
1.0,0.026612487932046253
1.0,0.027749677499135334
2.0,0.021660540873805683
2.0,0.03181507562597593
2.0,0.041516453648606934
3.0,0.0448704951753219
3.0,0.044023964554071426
3.0,0.022327980647484463
4.0,0.020366282512744267
4.0,0.04057267804940542
4.0,0.03502660120526949
5.0,0.04936801828444004
5.0,0.03466839715838432
5.0,0.03699952239791552
