Noise_Percentage,MAPE
0.0,0.0
0.0,0.0
0.0,0.0
1.0,0.01997854894093268
1.0,0.09130538998988354
1.0,0.0991021069797104
2.0,0.03484361559175313
2.0,0.10480326018718934
2.0,0.13829765049271525
3.0,0.15287757565005336
3.0,0.14036735863505903
3.0,0.08800074444585108
4.0,0.041893564317431374
4.0,0.14910160030254682
4.0,0.06614364481913064
5.0,0.16249088291174343
5.0,0.13181046104011196
5.0,0.06846227041714083
