Noise_Percentage,Mean_MAPE
0.0,0.0
1.0,0.07012868197017554
2.0,0.09264817542388591
3.0,0.12708189291032115
4.0,0.08571293647970295
5.0,0.12092120478966539
