Noise_Percentage,Mean_MAE
0.0,0.0
1.0,0.021809391677379608
2.0,0.04145483269045751
3.0,0.027821474398175873
