Noise_Percentage,Mean_MAE
0.0,0.0
1.0,0.021268390864133836
2.0,0.023229475567738217
3.0,0.030667171751459443
4.0,0.03570409032205741
5.0,0.044634989276528356
