Noise_Percentage,MAE
0.0,0.0
0.0,0.0
1.0,0.028608641897638638
1.0,0.015010141457120577
2.0,0.0417850986123085
2.0,0.041124566768606506
3.0,0.02502473071217537
3.0,0.03061821808417638
