Noise_Percentage,Mean_MAE
0.0,0.0
1.0,0.009924358998735746
2.0,0.019023874981535807
3.0,0.029592174622747634
4.0,0.03194495331909921
5.0,0.03362897845606009
