Noise_Percentage,Mean_MAPE
0.0,0.0
1.0,0.048925601379254155
2.0,0.08219569592988471
3.0,0.0728023162417475
4.0,0.09096410446114885
5.0,0.10962578444969914
