Noise_Percentage,Mean_MAPE
0.0,0.0
1.0,0.018906591094900223
2.0,0.05274708851740528
3.0,0.09668093165442747
4.0,0.08690097914965676
5.0,0.10054332025696551
