Noise_Percentage,MAE
0.0,0.0
0.0,0.0
0.0,0.0
1.0,0.00894643800954024
1.0,0.009037805100282034
1.0,0.00660271259645621
2.0,0.010956580440203348
2.0,0.008323130508263906
2.0,0.014146796117226282
3.0,0.01967417759199937
3.0,0.015434027959903082
3.0,0.009693355609973272
