Noise_Percentage,Mean_MAE
0.0,0.0
1.0,0.005861418570081393
2.0,0.009360849236448605
3.0,0.01737616378813982
4.0,0.01940343075742324
