Noise_Percentage,Mean_MAE
0.0,0.0
1.0,0.008195651902092827
2.0,0.011142169021897845
3.0,0.014933853720625242
