Noise_Percentage,MAE
0.0,0.0
0.0,0.0
0.0,0.0
1.0,0.005087960821886857
1.0,0.0027099018916487694
1.0,0.008376361802220345
2.0,0.0034165106092890105
2.0,0.006735680624842644
2.0,0.016567683157821495
3.0,0.028174241694311302
3.0,0.012873842070500055
3.0,0.01646334615846475
4.0,0.01147363738467296
4.0,0.029427218561371166
4.0,0.010174147163828215
5.0,0.013065203713874022
5.0,0.0311088968689243
5.0,0.03247888417293628
6.0,0.024513901211321354
6.0,0.04129752920319637
6.0,0.04840093354384104
