Noise_Percentage,MAE
0.0,0.0
0.0,0.0
0.0,0.0
1.0,0.004223832239707311
1.0,0.023130370303988457
1.0,0.01716226649781068
2.0,0.016772989183664322
2.0,0.017108310014009476
2.0,0.022793322801589966
3.0,0.017573407540718716
3.0,0.021212831139564514
3.0,0.024197721853852272
