Noise_Percentage,Mean_MAE
0.0,0.0
1.0,0.007056388383110363
2.0,0.0099996460808648
3.0,0.01752474790232049
4.0,0.009657258374823464
5.0,0.02085960873713096
6.0,0.017527601060767967
