Noise_Percentage,Mean_MAE
0.0,0.0
1.0,0.014838823013835482
2.0,0.018891540666421253
3.0,0.0209946535113785
