Noise_Percentage,MAE
0.0,0.0
0.0,0.0
0.0,0.0
1.0,0.009253314696252346
1.0,0.009456662150720755
1.0,0.0024591883023579917
2.0,0.011426007996002832
2.0,0.011932797729969025
2.0,0.006640132516622543
3.0,0.020719173674782116
3.0,0.008702327497303486
3.0,0.02315274253487587
4.0,0.012058129534125328
4.0,0.006264923140406609
4.0,0.010648722449938456
5.0,0.009869139331082502
5.0,0.029390912503004074
5.0,0.0233187743773063
6.0,0.026481289726992447
6.0,0.0074760690331459045
6.0,0.018625444422165554
