Noise_Percentage,Mean_MAE
0.0,0.0
1.0,0.005391408171918657
2.0,0.008906624797317715
3.0,0.019170476641092036
4.0,0.017025001036624115
5.0,0.025550994918578204
6.0,0.03807078798611959
