Noise_Percentage,MAPE
0.0,0.0
0.0,0.0
0.0,0.0
1.0,0.00845319665724846
1.0,0.005833493441037958
1.0,0.016213976857062745
2.0,0.008089587449900723
2.0,0.011425952034146232
2.0,0.025853708957859493
3.0,0.03732750482041372
3.0,0.024055510141690075
3.0,0.020394252983088307
4.0,0.02254717793352481
4.0,0.036655291504355016
4.0,0.014275883767188058
5.0,0.022639863423862327
5.0,0.04351682721521341
5.0,0.04713918154084467
6.0,0.03405961402194474
6.0,0.1696778257745898
6.0,0.06149743280444928
