Noise_Percentage,MAPE
0.0,0.0
0.0,0.0
0.0,0.0
1.0,0.014483155120225204
1.0,0.014812558192189575
1.0,0.0028579464078797175
2.0,0.016679458666658813
2.0,0.01617852948967487
2.0,0.010870776956394976
3.0,0.027212749487813045
3.0,0.016644431521908632
3.0,0.031152782720949457
4.0,0.019250974535693483
4.0,0.007865523248511632
4.0,0.01563614761170154
5.0,0.01653174645970341
5.0,0.036981612958251156
5.0,0.03386407336131575
6.0,0.03200457126878798
6.0,0.012440319456266889
6.0,0.026275774296696336
