Noise_Percentage,MAPE
0.0,0.0
0.0,0.0
0.0,0.0
1.0,0.004221726008963669
1.0,0.04543302670105198
1.0,0.026397623553620547
2.0,0.07369348112454534
2.0,0.03202565908697167
2.0,0.0801267516390435
3.0,0.07196651688173689
3.0,0.04027299868877479
3.0,0.09548248061721702
