Noise_Percentage,Mean_MAPE
0.0,0.0
1.0,0.010166888985116388
2.0,0.015123082813968814
3.0,0.027259089315064034
4.0,0.024492784401689293
5.0,0.03776529072664014
6.0,0.08841162420032794
