Noise_Percentage,MAPE
0.0,0.0
0.0,0.0
0.0,0.0
1.0,0.012619147277373607
1.0,0.012730634934335868
1.0,0.009221707900758807
2.0,0.010884116828342158
2.0,0.013818682629224512
2.0,0.02128477682567202
3.0,0.024731098906195043
3.0,0.018318777141860584
3.0,0.011994427551248833
