Noise_Percentage,Mean_MAPE
0.0,0.0
1.0,0.025350792087878733
2.0,0.061948630616853496
3.0,0.06924066539590956
