Noise_Percentage,Mean_MAPE
0.0,0.0
1.0,0.011523830037489427
2.0,0.015329192094412894
3.0,0.018348101199768155
