Noise_Percentage,Mean_MAPE
0.0,0.0
1.0,0.010884364414428745
2.0,0.015715369256234242
3.0,0.02437590149262948
4.0,0.027248772866635396
