Noise_Percentage,Mean_MAPE
0.0,0.0
1.0,0.0107178865734315
2.0,0.014576255037576221
3.0,0.025003321243557045
4.0,0.014250881798635552
5.0,0.02912581092642344
6.0,0.0235735550072504
