Noise_Percentage,Mean_MAE,Month
0,0,February
1,0.008447214,February
2,0.009950154,February
3,0.018439656,February
4,0.018867878,February
0,0,March
1,0.006148336,March
2,0.016593256,March
3,0.023276133,March
4,0.029385459,March
0,0,Average
1,0.007297775,Average
2,0.013271705,Average
3,0.020857894,Average
4,0.024126668,Average
