Noise_Percentage,Mean_MAE,Month
0.0,0.0,February
1.0,0.008447214340170225,February
2.0,0.009950153529644012,February
3.0,0.018439655968298517,February
4.0,0.018867877622445423,February
0.0,0.0,March
1.0,0.00614833552390337,March
2.0,0.01659325634439786,March
3.0,0.02327613284190496,March
4.0,0.029385458988447983,March
