Noise_Percentage,Mean_MAE,Month
0.0,0.0,February
1.0,0.009360275076081356,February
2.0,0.013918580487370491,February
3.0,0.008699342608451843,February
4.0,0.021817305280516543,February
0.0,0.0,March
1.0,0.00947334710508585,March
2.0,0.022854430601000786,March
3.0,0.019972659026583035,March
4.0,0.023447307758033276,March
