Noise_Percentage,Mean_MAPE,Month
0.0,0.0,February
1.0,0.013363495809392433,February
2.0,0.015249187487231163,February
3.0,0.038180888018107324,February
4.0,0.0438059107615536,February
0.0,0.0,March
1.0,0.01601011046316296,March
2.0,0.038934529411463165,March
3.0,0.059202429710718325,March
4.0,0.07453143871811421,March
