Noise_Percentage,Mean_MAPE,Month
0.0,0.0,February
1.0,0.012964592240958089,February
2.0,0.030898152274485904,February
3.0,0.013620574966055182,February
4.0,0.049005118616612636,February
0.0,0.0,March
1.0,0.020618672390559915,March
2.0,0.047730644054848385,March
3.0,0.05406362256653473,March
4.0,0.06966187014281136,March
