Noise_Percentage,Mean_MAPE,Month
0,0,February
1,0.013363496,February
2,0.015249187,February
3,0.038180888,February
4,0.043805911,February
0,0,March
1,0.01601011,March
2,0.038934529,March
3,0.05920243,March
4,0.074531439,March
0,0,Average
1,0.014686803,Average
2,0.027091858,Average
3,0.048691659,Average
4,0.059168675,Average
