Noise_Percentage,Mean_MAE
0.0,0.0
1.0,0.0032034031011992027
2.0,0.007748233671817514
3.0,0.0115907686865992
4.0,0.014918351752890482
