Noise_Percentage,MAE
0.0,0.0
0.0,0.0
0.0,0.0
1.0,0.0033598203832904496
1.0,0.003256935626268387
1.0,0.0029934532940387726
2.0,0.007730724290013313
2.0,0.011781948308149973
2.0,0.003732028417289257
3.0,0.011361968393127123
3.0,0.012145969706277052
3.0,0.011264367960393429
4.0,0.015553526269892851
4.0,0.023283835190037887
4.0,0.0059176937987407046
