Noise_Percentage,MAPE
0.0,0.0
0.0,0.0
0.0,0.0
1.0,0.003926934591816318
1.0,0.0031512160141681012
1.0,0.006100298170121819
2.0,0.01582197895427919
2.0,0.01599135458196202
2.0,0.010818491170528036
3.0,0.020525185956886887
3.0,0.025264318696785623
3.0,0.0174908555497196
4.0,0.024739248953067738
4.0,0.03787611150872631
4.0,0.007469540759414938
