Noise_Percentage,Mean_MAPE
0.0,0.0
1.0,0.004392816258702079
2.0,0.014210608235589749
3.0,0.021093453401130707
4.0,0.023361633740402996
