Noise_Percentage,Mean_MAE
0.0,0.0
1.0,0.015181328728795051
2.0,0.02435914476712545
3.0,0.02894965236385663
4.0,0.03338890920082728
5.0,0.028007664655645692
