Noise_Percentage,MAE
0.0,0.0
0.0,0.0
0.0,0.0
1.0,0.008424565816919008
1.0,0.00713785986105601
1.0,0.014210651318232218
2.0,0.019681643694639206
2.0,0.014951908960938454
2.0,0.02243807228902976
3.0,0.03727868323524793
3.0,0.022548674916227657
3.0,0.02894916571676731
4.0,0.031361608455578484
4.0,0.03632356909414133
4.0,0.02814968240757783
5.0,0.026166077703237534
5.0,0.0308946097890536
5.0,0.043826247875889145
