Noise_Percentage,MAPE
0.0,0.0
0.0,0.0
0.0,0.0
1.0,0.01750711204584556
1.0,0.012167306610148204
1.0,0.027045354628706903
2.0,0.04329434910003349
2.0,0.024362478867173545
2.0,0.09058443758500882
3.0,0.12581430060289464
3.0,0.0770194077109141
3.0,0.08720908664947365
4.0,0.09748422824736828
4.0,0.10416681230397647
4.0,0.05905189689762554
5.0,0.04309930477883489
5.0,0.1198676223883466
5.0,0.1386630336037151
