Noise_Percentage,Mean_MAE
0.0,0.0
1.0,0.0046161843670739075
2.0,0.005616016479002104
3.0,0.010296720390518507
4.0,0.011919035472803647
