Noise_Percentage,MAE
0.0,0.0
0.0,0.0
0.0,0.0
1.0,0.003314829741915067
1.0,0.004163898527622223
1.0,0.00636982483168443
2.0,0.004037132176260154
2.0,0.01068822822223107
2.0,0.002122689038515091
3.0,0.01070153092344602
3.0,0.00962823877731959
3.0,0.01056039147078991
4.0,0.008056290137271086
4.0,0.016628339576224487
4.0,0.011072476704915365
