Noise_Percentage,Mean_MAPE
0.0,0.0
1.0,0.00844921500562947
2.0,0.010456703231040386
3.0,0.01994810452685276
4.0,0.028258045064966097
