Noise_Percentage,MAPE
0.0,0.0
0.0,0.0
0.0,0.0
1.0,0.004953685694909369
1.0,0.005860868260757879
1.0,0.01453309106122116
2.0,0.005179010963248565
2.0,0.023467673999695165
2.0,0.002723424730177427
3.0,0.021959613482989835
3.0,0.01761632912893691
3.0,0.020268370968631527
4.0,0.014412444923204171
4.0,0.03719810744579325
4.0,0.03316358282590088
